id,name,official_name,continent_code,continent_name,emoji
AFG,Afghanistan,Islamic Republic of Afghanistan,AS,Asia,"ğŸ‡¦ğŸ‡«"
ALB,Albania,Republic of Albania,EU,Europe,"ğŸ‡¦ğŸ‡±"
ALG,Algeria,People's Democratic Republic of Algeria,AF,Africa,"ğŸ‡©ğŸ‡¿"
AND,Andorra,Principality of Andorra,EU,Europe,"ğŸ‡¦ğŸ‡©"
ANG,Angola,Republic of Angola,AF,Africa,"ğŸ‡¦ğŸ‡´"
ANT,Antigua and Barbuda,Antigua and Barbuda,,North America,"ğŸ‡¦ğŸ‡¬"
ARG,Argentina,Argentine Republic,SA,South America,"ğŸ‡¦ğŸ‡·"
ARM,Armenia,Republic of Armenia,AS,Asia,"ğŸ‡¦ğŸ‡²"
AUS,Australia,Australia,OC,Oceania,"ğŸ‡¦ğŸ‡º"
AUT,Austria,Republic of Austria,EU,Europe,"ğŸ‡¦ğŸ‡¹"
AZE,Azerbaijan,Republic of Azerbaijan,AS,Asia,"ğŸ‡¦ğŸ‡¿"
BAH,Bahamas,Commonwealth of the Bahamas,,North America,"ğŸ‡§ğŸ‡¸"
BAN,Bangladesh,People's Republic of Bangladesh,AS,Asia,"ğŸ‡§ğŸ‡©"
BAR,Barbados,Barbados,,North America,"ğŸ‡§ğŸ‡§"
BEL,Belgium,Kingdom of Belgium,EU,Europe,"ğŸ‡§ğŸ‡ª"
BEN,Benin,Republic of Benin,AF,Africa,"ğŸ‡§ğŸ‡¯"
BHU,Bhutan,Kingdom of Bhutan,AS,Asia,"ğŸ‡§ğŸ‡¹"
BIH,Bosnia and Herzegovina,Republic of Bosnia and Herzegovina,EU,Europe,"ğŸ‡§ğŸ‡¦"
BIZ,Belize,Belize,,North America,"ğŸ‡§ğŸ‡¿"
BLR,Belarus,Republic of Belarus,EU,Europe,"ğŸ‡§ğŸ‡¾"
BOL,Bolivia,Plurinational State of Bolivia,SA,South America,"ğŸ‡§ğŸ‡´"
BOT,Botswana,Republic of Botswana,AF,Africa,"ğŸ‡§ğŸ‡¼"
BRA,Brazil,Federative Republic of Brazil,SA,South America,"ğŸ‡§ğŸ‡·"
BRN,Bahrain,Kingdom of Bahrain,AS,Asia,"ğŸ‡§ğŸ‡­"
BRU,Brunei Darussalam,Brunei Darussalam,AS,Asia,"ğŸ‡§ğŸ‡³"
BUL,Bulgaria,Republic of Bulgaria,EU,Europe,"ğŸ‡§ğŸ‡¬"
BUR,Burkina Faso,Burkina Faso,AF,Africa,"ğŸ‡§ğŸ‡«"
CAF,Central African Republic,Central African Republic,AF,Africa,"ğŸ‡¨ğŸ‡«"
CAM,Cambodia,Kingdom of Cambodia,AS,Asia,"ğŸ‡°ğŸ‡­"
CAN,Canada,Canada,,North America,"ğŸ‡¨ğŸ‡¦"
CGO,Congo,Republic of the Congo,AF,Africa,"ğŸ‡¨ğŸ‡¬"
CHA,Chad,Republic of Chad,AF,Africa,"ğŸ‡¹ğŸ‡©"
CHI,Chile,Republic of Chile,SA,South America,"ğŸ‡¨ğŸ‡±"
CHN,China,People's Republic of China,AS,Asia,"ğŸ‡¨ğŸ‡³"
CIV,CÃ´te d'Ivoire,Republic of CÃ´te d'Ivoire,AF,Africa,"ğŸ‡¨ğŸ‡®"
CMR,Cameroon,Republic of Cameroon,AF,Africa,"ğŸ‡¨ğŸ‡²"
COD,DR Congo,"Congo, The Democratic Republic of the",AF,Africa,"ğŸ‡¨ğŸ‡©"
COL,Colombia,Republic of Colombia,SA,South America,"ğŸ‡¨ğŸ‡´"
COM,Comoros,Union of the Comoros,AF,Africa,"ğŸ‡°ğŸ‡²"
CPV,Cabo Verde,Republic of Cabo Verde,AF,Africa,"ğŸ‡¨ğŸ‡»"
CRC,Costa Rica,Republic of Costa Rica,,North America,"ğŸ‡¨ğŸ‡·"
CRO,Croatia,Republic of Croatia,EU,Europe,"ğŸ‡­ğŸ‡·"
CUB,Cuba,Republic of Cuba,,North America,"ğŸ‡¨ğŸ‡º"
CYP,Cyprus,Republic of Cyprus,AS,Asia,"ğŸ‡¨ğŸ‡¾"
CZE,Czechia,Czech Republic,EU,Europe,"ğŸ‡¨ğŸ‡¿"
DEN,Denmark,Kingdom of Denmark,EU,Europe,"ğŸ‡©ğŸ‡°"
DJI,Djibouti,Republic of Djibouti,AF,Africa,"ğŸ‡©ğŸ‡¯"
DMA,Dominica,Commonwealth of Dominica,,North America,"ğŸ‡©ğŸ‡²"
DOM,Dominican Republic,Dominican Republic,,North America,"ğŸ‡©ğŸ‡´"
ECU,Ecuador,Republic of Ecuador,SA,South America,"ğŸ‡ªğŸ‡¨"
EGY,Egypt,Arab Republic of Egypt,AF,Africa,"ğŸ‡ªğŸ‡¬"
ERI,Eritrea,the State of Eritrea,AF,Africa,"ğŸ‡ªğŸ‡·"
ESA,El Salvador,Republic of El Salvador,,North America,"ğŸ‡¸ğŸ‡»"
ESP,Spain,Kingdom of Spain,EU,Europe,"ğŸ‡ªğŸ‡¸"
EST,Estonia,Republic of Estonia,EU,Europe,"ğŸ‡ªğŸ‡ª"
ETH,Ethiopia,Federal Democratic Republic of Ethiopia,AF,Africa,"ğŸ‡ªğŸ‡¹"
FIJ,Fiji,Republic of Fiji,OC,Oceania,"ğŸ‡«ğŸ‡¯"
FIN,Finland,Republic of Finland,EU,Europe,"ğŸ‡«ğŸ‡®"
FRA,France,French Republic,EU,Europe,"ğŸ‡«ğŸ‡·"
FSM,Micronesia,Federated States of Micronesia,OC,Oceania,"ğŸ‡«ğŸ‡²"
GAB,Gabon,Gabonese Republic,AF,Africa,"ğŸ‡¬ğŸ‡¦"
GAM,Gambia,Republic of the Gambia,AF,Africa,"ğŸ‡¬ğŸ‡²"
GBR,Great Britain,United Kingdom of Great Britain and Northern Ireland,EU,Europe,"ğŸ‡¬ğŸ‡§"
GBS,Guinea-Bissau,Republic of Guinea-Bissau,AF,Africa,"ğŸ‡¬ğŸ‡¼"
GEO,Georgia,Georgia,AS,Asia,"ğŸ‡¬ğŸ‡ª"
GEQ,Equatorial Guinea,Republic of Equatorial Guinea,AF,Africa,"ğŸ‡¬ğŸ‡¶"
GER,Germany,Federal Republic of Germany,EU,Europe,"ğŸ‡©ğŸ‡ª"
GHA,Ghana,Republic of Ghana,AF,Africa,"ğŸ‡¬ğŸ‡­"
GRE,Greece,Hellenic Republic,EU,Europe,"ğŸ‡¬ğŸ‡·"
GRN,Grenada,Grenada,,North America,"ğŸ‡¬ğŸ‡©"
GUA,Guatemala,Republic of Guatemala,,North America,"ğŸ‡¬ğŸ‡¹"
GUI,Guinea,Republic of Guinea,AF,Africa,"ğŸ‡¬ğŸ‡³"
GUY,Guyana,Republic of Guyana,SA,South America,"ğŸ‡¬ğŸ‡¾"
HAI,Haiti,Republic of Haiti,,North America,"ğŸ‡­ğŸ‡¹"
HKG,Hong Kong,Hong Kong Special Administrative Region of China,AS,Asia,"ğŸ‡­ğŸ‡°"
HON,Honduras,Republic of Honduras,,North America,"ğŸ‡­ğŸ‡³"
HUN,Hungary,Hungary,EU,Europe,"ğŸ‡­ğŸ‡º"
INA,Indonesia,Republic of Indonesia,AS,Asia,"ğŸ‡®ğŸ‡©"
IND,India,Republic of India,AS,Asia,"ğŸ‡®ğŸ‡³"
IRI,Iran,Islamic Republic of Iran,AS,Asia,"ğŸ‡®ğŸ‡·"
IRL,Ireland,Ireland,EU,Europe,"ğŸ‡®ğŸ‡ª"
IRQ,Iraq,Republic of Iraq,AS,Asia,"ğŸ‡®ğŸ‡¶"
ISL,Iceland,Republic of Iceland,EU,Europe,"ğŸ‡®ğŸ‡¸"
ISR,Israel,State of Israel,AS,Asia,"ğŸ‡®ğŸ‡±"
ITA,Italy,Italian Republic,EU,Europe,"ğŸ‡®ğŸ‡¹"
JAM,Jamaica,Jamaica,,North America,"ğŸ‡¯ğŸ‡²"
JOR,Jordan,Hashemite Kingdom of Jordan,AS,Asia,"ğŸ‡¯ğŸ‡´"
JPN,Japan,Japan,AS,Asia,"ğŸ‡¯ğŸ‡µ"
KAZ,Kazakhstan,Republic of Kazakhstan,AS,Asia,"ğŸ‡°ğŸ‡¿"
KEN,Kenya,Republic of Kenya,AF,Africa,"ğŸ‡°ğŸ‡ª"
KGZ,Kyrgyzstan,Kyrgyz Republic,AS,Asia,"ğŸ‡°ğŸ‡¬"
KIR,Kiribati,Republic of Kiribati,OC,Oceania,"ğŸ‡°ğŸ‡®"
KOR,Korea,"Korea, Republic of",AS,Asia,"ğŸ‡°ğŸ‡·"
KOS,Kosovo,Republic of Serbia,EU,Europe,"ğŸ‡½ğŸ‡°"
KSA,Saudi Arabia,Kingdom of Saudi Arabia,AS,Asia,"ğŸ‡¸ğŸ‡¦"
KUW,Kuwait,State of Kuwait,AS,Asia,"ğŸ‡°ğŸ‡¼"
LAO,Lao PDR,Lao People's Democratic Republic,AS,Asia,"ğŸ‡±ğŸ‡¦"
LAT,Latvia,Republic of Latvia,EU,Europe,"ğŸ‡±ğŸ‡»"
LBA,Libya,Libya,AF,Africa,"ğŸ‡±ğŸ‡¾"
LBN,Lebanon,Lebanese Republic,AS,Asia,"ğŸ‡±ğŸ‡§"
LBR,Liberia,Republic of Liberia,AF,Africa,"ğŸ‡±ğŸ‡·"
LCA,Saint Lucia,Saint Lucia,,North America,"ğŸ‡±ğŸ‡¨"
LES,Lesotho,Kingdom of Lesotho,AF,Africa,"ğŸ‡±ğŸ‡¸"
LIE,Liechtenstein,Principality of Liechtenstein,EU,Europe,"ğŸ‡±ğŸ‡®"
LTU,Lithuania,Republic of Lithuania,EU,Europe,"ğŸ‡±ğŸ‡¹"
LUX,Luxembourg,Grand Duchy of Luxembourg,EU,Europe,"ğŸ‡±ğŸ‡º"
MAD,Madagascar,Republic of Madagascar,AF,Africa,"ğŸ‡²ğŸ‡¬"
MAR,Morocco,Kingdom of Morocco,AF,Africa,"ğŸ‡²ğŸ‡¦"
MAS,Malaysia,Malaysia,AS,Asia,"ğŸ‡²ğŸ‡¾"
MAW,Malawi,Republic of Malawi,AF,Africa,"ğŸ‡²ğŸ‡¼"
MDA,Republic of Moldova,Republic of Moldova,EU,Europe,"ğŸ‡²ğŸ‡©"
MDV,Maldives,Republic of Maldives,AS,Asia,"ğŸ‡²ğŸ‡»"
MEX,Mexico,United Mexican States,,North America,"ğŸ‡²ğŸ‡½"
MGL,Mongolia,Mongolia,AS,Asia,"ğŸ‡²ğŸ‡³"
MHL,Marshall Islands,Republic of the Marshall Islands,OC,Oceania,"ğŸ‡²ğŸ‡­"
MKD,North Macedonia,Republic of North Macedonia,EU,Europe,"ğŸ‡²ğŸ‡°"
MLI,Mali,Republic of Mali,AF,Africa,"ğŸ‡²ğŸ‡±"
MLT,Malta,Republic of Malta,EU,Europe,"ğŸ‡²ğŸ‡¹"
MNE,Montenegro,Montenegro,EU,Europe,"ğŸ‡²ğŸ‡ª"
MON,Monaco,Principality of Monaco,EU,Europe,"ğŸ‡²ğŸ‡¨"
MOZ,Mozambique,Republic of Mozambique,AF,Africa,"ğŸ‡²ğŸ‡¿"
MRI,Mauritius,Republic of Mauritius,AF,Africa,"ğŸ‡²ğŸ‡º"
MTN,Mauritania,Islamic Republic of Mauritania,AF,Africa,"ğŸ‡²ğŸ‡·"
MYA,Myanmar,Republic of Myanmar,AS,Asia,"ğŸ‡²ğŸ‡²"
NAM,Namibia,Republic of Namibia,AF,Africa,"ğŸ‡³ğŸ‡¦"
NCA,Nicaragua,Republic of Nicaragua,,North America,"ğŸ‡³ğŸ‡®"
NED,Netherlands,Kingdom of the Netherlands,EU,Europe,"ğŸ‡³ğŸ‡±"
NEP,Nepal,Federal Democratic Republic of Nepal,AS,Asia,"ğŸ‡³ğŸ‡µ"
NGR,Nigeria,Federal Republic of Nigeria,AF,Africa,"ğŸ‡³ğŸ‡¬"
NIG,Niger,Republic of the Niger,AF,Africa,"ğŸ‡³ğŸ‡ª"
NOR,Norway,Kingdom of Norway,EU,Europe,"ğŸ‡³ğŸ‡´"
NRU,Nauru,Republic of Nauru,OC,Oceania,"ğŸ‡³ğŸ‡·"
NZL,New Zealand,New Zealand,OC,Oceania,"ğŸ‡³ğŸ‡¿"
OMA,Oman,Sultanate of Oman,AS,Asia,"ğŸ‡´ğŸ‡²"
PAK,Pakistan,Islamic Republic of Pakistan,AS,Asia,"ğŸ‡µğŸ‡°"
PAN,Panama,Republic of Panama,,North America,"ğŸ‡µğŸ‡¦"
PAR,Paraguay,Republic of Paraguay,SA,South America,"ğŸ‡µğŸ‡¾"
PER,Peru,Republic of Peru,SA,South America,"ğŸ‡µğŸ‡ª"
PHI,Philippines,Republic of the Philippines,AS,Asia,"ğŸ‡µğŸ‡­"
PLE,Palestine,the State of Palestine,AS,Asia,"ğŸ‡µğŸ‡¸"
PLW,Palau,Republic of Palau,OC,Oceania,"ğŸ‡µğŸ‡¼"
PNG,Papua New Guinea,Independent State of Papua New Guinea,OC,Oceania,"ğŸ‡µğŸ‡¬"
POL,Poland,Republic of Poland,EU,Europe,"ğŸ‡µğŸ‡±"
POR,Portugal,Portuguese Republic,EU,Europe,"ğŸ‡µğŸ‡¹"
PRK,DPR Korea,Democratic People's Republic of Korea,AS,Asia,"ğŸ‡°ğŸ‡µ"
QAT,Qatar,State of Qatar,AS,Asia,"ğŸ‡¶ğŸ‡¦"
ROU,Romania,Romania,EU,Europe,"ğŸ‡·ğŸ‡´"
RSA,South Africa,Republic of South Africa,AF,Africa,"ğŸ‡¿ğŸ‡¦"
RUS,Russian Federation,Russian Federation,EU,Europe,"ğŸ‡·ğŸ‡º"
RWA,Rwanda,Rwandese Republic,AF,Africa,"ğŸ‡·ğŸ‡¼"
SAM,Samoa,Independent State of Samoa,OC,Oceania,"ğŸ‡¼ğŸ‡¸"
SEN,Senegal,Republic of Senegal,AF,Africa,"ğŸ‡¸ğŸ‡³"
SEY,Seychelles,Republic of Seychelles,AF,Africa,"ğŸ‡¸ğŸ‡¨"
SGP,Singapore,Republic of Singapore,AS,Asia,"ğŸ‡¸ğŸ‡¬"
SKN,St Kitts and Nevis,Saint Kitts and Nevis,,North America,"ğŸ‡°ğŸ‡³"
SLE,Sierra Leone,Republic of Sierra Leone,AF,Africa,"ğŸ‡¸ğŸ‡±"
SLO,Slovenia,Republic of Slovenia,EU,Europe,"ğŸ‡¸ğŸ‡®"
SMR,San Marino,Republic of San Marino,EU,Europe,"ğŸ‡¸ğŸ‡²"
SOL,Solomon Islands,Solomon Islands,OC,Oceania,"ğŸ‡¸ğŸ‡§"
SOM,Somalia,Federal Republic of Somalia,AF,Africa,"ğŸ‡¸ğŸ‡´"
SRB,Serbia,Republic of Serbia,EU,Europe,"ğŸ‡·ğŸ‡¸"
SRI,Sri Lanka,Democratic Socialist Republic of Sri Lanka,AS,Asia,"ğŸ‡±ğŸ‡°"
SSD,South Sudan,Republic of South Sudan,AF,Africa,"ğŸ‡¸ğŸ‡¸"
STP,Sao Tome and Principe,Democratic Republic of Sao Tome and Principe,AF,Africa,"ğŸ‡¸ğŸ‡¹"
SUD,Sudan,Republic of the Sudan,AF,Africa,"ğŸ‡¸ğŸ‡©"
SUI,Switzerland,Swiss Confederation,EU,Europe,"ğŸ‡¨ğŸ‡­"
SUR,Suriname,Republic of Suriname,SA,South America,"ğŸ‡¸ğŸ‡·"
SVK,Slovakia,Slovak Republic,EU,Europe,"ğŸ‡¸ğŸ‡°"
SWE,Sweden,Kingdom of Sweden,EU,Europe,"ğŸ‡¸ğŸ‡ª"
SWZ,Eswatini,Kingdom of Eswatini,AF,Africa,"ğŸ‡¸ğŸ‡¿"
SYR,Syria,Syrian Arab Republic,AS,Asia,"ğŸ‡¸ğŸ‡¾"
TAN,Tanzania,United Republic of Tanzania,AF,Africa,"ğŸ‡¹ğŸ‡¿"
TGA,Tonga,Kingdom of Tonga,OC,Oceania,"ğŸ‡¹ğŸ‡´"
THA,Thailand,Kingdom of Thailand,AS,Asia,"ğŸ‡¹ğŸ‡­"
TJK,Tajikistan,Republic of Tajikistan,AS,Asia,"ğŸ‡¹ğŸ‡¯"
TKM,Turkmenistan,Turkmenistan,AS,Asia,"ğŸ‡¹ğŸ‡²"
TLS,Timor-Leste,Democratic Republic of Timor-Leste,,,"ğŸ‡¹ğŸ‡±"
TOG,Togo,Togolese Republic,AF,Africa,"ğŸ‡¹ğŸ‡¬"
TPE,Taipei,"Taiwan, Province of China",AS,Asia,"ğŸ‡¹ğŸ‡¼"
TTO,Trinidad and Tobago,Republic of Trinidad and Tobago,,North America,"ğŸ‡¹ğŸ‡¹"
TUN,Tunisia,Republic of Tunisia,AF,Africa,"ğŸ‡¹ğŸ‡³"
TUR,TÃ¼rkiye,Republic of TÃ¼rkiye,AS,Asia,"ğŸ‡¹ğŸ‡·"
TUV,Tuvalu,Tuvalu,OC,Oceania,"ğŸ‡¹ğŸ‡»"
UAE,Emirates,United Arab Emirates,AS,Asia,"ğŸ‡¦ğŸ‡ª"
UGA,Uganda,Republic of Uganda,AF,Africa,"ğŸ‡ºğŸ‡¬"
UKR,Ukraine,Ukraine,EU,Europe,"ğŸ‡ºğŸ‡¦"
URU,Uruguay,Eastern Republic of Uruguay,SA,South America,"ğŸ‡ºğŸ‡¾"
USA,United States,United States of America,,North America,"ğŸ‡ºğŸ‡¸"
UZB,Uzbekistan,Republic of Uzbekistan,AS,Asia,"ğŸ‡ºğŸ‡¿"
VAN,Vanuatu,Republic of Vanuatu,OC,Oceania,"ğŸ‡»ğŸ‡º"
VEN,Venezuela,Bolivarian Republic of Venezuela,SA,South America,"ğŸ‡»ğŸ‡ª"
VIE,Vietnam,Socialist Republic of Viet Nam,AS,Asia,"ğŸ‡»ğŸ‡³"
VIN,St Vincent and Grenadines,Saint Vincent and the Grenadines,,North America,"ğŸ‡»ğŸ‡¨"
YEM,Yemen,Republic of Yemen,AS,Asia,"ğŸ‡¾ğŸ‡ª"
ZAM,Zambia,Republic of Zambia,AF,Africa,"ğŸ‡¿ğŸ‡²"
ZIM,Zimbabwe,Republic of Zimbabwe,AF,Africa,"ğŸ‡¿ğŸ‡¼"
